<?xml version="1.0" encoding="utf-8"?>
<odoo>
    <!--    <data noupdate="1">-->
    <!--        <record id="ir_cron_update_kpi_targets" model="ir.cron">-->
    <!--            <field name="name">KPI: Auto-update Target Actuals</field>-->
    <!--            <field name="model_id" ref="model_kpi_target"/>-->
    <!--            <field name="state">code</field>-->
    <!--            <field name="code">model._cron_update_actual_values()</field>-->
    <!--            <field name="user_id" ref="base.user_root"/>-->
    <!--            <field name="interval_number">1</field>-->
    <!--            <field name="interval_type">days</field>-->
    <!--            <field name="numbercall">-1</field>-->
    <!--            <field name="active" eval="True"/>-->
    <!--        </record>-->

    <!--        &lt;!&ndash; Sequence for Telemarketing Confirmations &ndash;&gt;-->
    <!--        <record id="seq_telemarketing_confirmation" model="ir.sequence">-->
    <!--            <field name="name">Telemarketing Confirmation</field>-->
    <!--            <field name="code">telemarketing.confirmation</field>-->
    <!--            <field name="prefix">TMCONF/</field>-->
    <!--            <field name="padding">5</field>-->
    <!--            <field name="company_id" eval="False"/>-->
    <!--        </record>-->

    <!--        &lt;!&ndash; KPI Definition for Leads Registered &ndash;&gt;-->
    <!--        <record id="kpi_def_leads_registered" model="telemarketing.confirmation">-->
    <!--            <field name="name">Leads Registered</field>-->
    <!--            <field name="description">Counts the number of new leads registered by a user.</field>-->
    <!--            <field name="kpi_type">leads_registered</field>-->
    <!--        </record>-->

    <!--        &lt;!&ndash; Data Quality KPI Definitions &ndash;&gt;-->
    <!--        <record id="kpi_def_name_confirmation" model="telemarketing.confirmation">-->
    <!--            <field name="name">Name Confirmations</field>-->
    <!--            <field name="description">Percentage of name confirmations by telemarketers.</field>-->
    <!--            <field name="kpi_type">data_quality</field>-->
    <!--            <field name="confirmation_fields">name</field>-->
    <!--        </record>-->

    <!--        <record id="kpi_def_address_confirmation" model="telemarketing.confirmation">-->
    <!--            <field name="name">Address Confirmations</field>-->
    <!--            <field name="description">Percentage of address confirmations by telemarketers.</field>-->
    <!--            <field name="kpi_type">data_quality</field>-->
    <!--            <field name="confirmation_fields">address</field>-->
    <!--        </record>-->

    <!--        <record id="kpi_def_phone_confirmation" model="telemarketing.confirmation">-->
    <!--            <field name="name">Phone Confirmations</field>-->
    <!--            <field name="description">Percentage of phone confirmations by telemarketers.</field>-->
    <!--            <field name="kpi_type">data_quality</field>-->
    <!--            <field name="confirmation_fields">phone</field>-->
    <!--        </record>-->

    <!--        <record id="kpi_def_all_confirmations" model="telemarketing.confirmation">-->
    <!--            <field name="name">Overall Data Quality</field>-->
    <!--            <field name="description">Overall data quality percentage across all confirmation types.</field>-->
    <!--            <field name="kpi_type">data_quality</field>-->
    <!--            <field name="confirmation_fields">all</field>-->
    <!--        </record>-->
    <!--    </data>-->
    <data>
        <record id="seq_telemarketing_confirmation" model="ir.sequence">
            <field name="name">Telemarketing Confirmation</field>
            <field name="code">telemarketing.confirmation</field>
            <field name="prefix"></field>
            <field name="padding">4</field>
            <field name="company_id" eval="False"/>
        </record>

    </data>

</odoo>