<?xml version="1.0" encoding="UTF-8" ?>
<odoo noupdate="1">

    <!-- 1. Lead Code Sequence (from crm_lead_code) -->
    <record id="sequence_lead" model="ir.sequence">
        <field name="name">Lead Code</field>
        <field name="code">crm.lead</field>
        <field name="prefix">LD</field>
        <field eval="4" name="padding" />
    </record>

    <!-- 2. Encounter Visit Sequence (from encounter_visit) -->
    <record id="seq_encounter_visit" model="ir.sequence">
      <field name="name">Encounter Sequence</field>
      <field name="code">encounter.encounter_visit</field>
      <field name="prefix">EN-</field>
      <field name="padding">5</field>
      <field name="company_id" eval="False"/>
    </record>

    <!-- 3. Telemarketing Confirmation Sequence (from kpi_management_framework) -->
    <record id="seq_telemarketing_confirmation" model="ir.sequence">
        <field name="name">Telemarketing Confirmation</field>
        <field name="code">telemarketing.confirmation</field>
        <field name="prefix"></field>
        <field name="padding">4</field>
        <field name="company_id" eval="False"/>
    </record>

</odoo>