<?xml version="1.0" encoding="UTF-8" ?>
<odoo>
  <data noupdate="1">
  <!-- From crm_lead_geolocation -->
  <record id="group_company_manager" model="res.groups">
    <field name="name">Company Manager (CRM Geo)</field>
    <field name="category_id" ref="base.module_category_sales_crm"/>
    <field name="implied_ids" eval="[(4, ref('sales_team.group_sale_manager'))]"/>
  </record>

  <!-- From crm_phonecall -->
  <record id="group_scheduled_calls" model="res.groups">
        <field name="name">Show Scheduled Calls Menu (CRM Phonecall)</field>
        <field name="category_id" ref="base.module_category_hidden" />
    </record>
  <record id="group_show_form_view" model="res.groups">
        <field name="name">Enable form view for phone calls</field>
        <field name="category_id" ref="base.module_category_hidden" />
    </record>

  <!-- Telemarketer Group -->
  <record id="group_telemarketer" model="res.groups">
    <field name="name">Telemarketer</field>
    <field name="category_id" ref="base.module_category_sales_crm"/>
  </record>
  </data>
</odoo>