--- START OF FILE marketing_system2/security/ir.model.access.csv ---
id,name,model_id:id,group_id:id,perm_read,perm_write,perm_create,perm_unlink

# -----------------------------------------------------
# 1. CRM Lead & Geolocation ACLs (for the new fields)
# -----------------------------------------------------
access_crm_lead_sales_user,CRM Lead Sales User (Geo),model_crm_lead,sales_team.group_sale_salesman,1,1,1,0
access_crm_lead_sales_manager,CRM Lead Sales Manager (Geo),model_crm_lead,sales_team.group_sale_manager,1,1,1,1
access_crm_lead_company_manager,CRM Lead Company Manager (Geo),model_crm_lead,marketing_system2.group_company_manager,1,1,1,1

# -----------------------------------------------------
# 2. CRM Phonecall ACLs (from crm_phonecall, crm_telemarketing)
# -----------------------------------------------------
access_crm_phonecall_user,CRM Phonecall User,model_crm_phonecall,base.group_user,1,0,0,0
access_crm_phonecall_salesman,CRM Phonecall Salesman,model_crm_phonecall,sales_team.group_sale_salesman,1,1,1,0
access_crm_phonecall_manager,CRM Phonecall Manager,model_crm_phonecall,sales_team.group_sale_manager,1,1,1,1
access_crm_phonecall2phonecall,Phonecall To Phonecall Wizard,model_crm_phonecall2phonecall,base.group_user,1,1,1,1

# -----------------------------------------------------
# 3. CRM Phonecall Summary ACLs (from crm_phonecall_summary_predefined)
# -----------------------------------------------------
access_crm_phonecall_summary_salesman,Phonecall Summary Salesman,model_crm_phonecall_summary,sales_team.group_sale_salesman,1,0,0,0
access_crm_phonecall_summary_manager,Phonecall Summary Manager,model_crm_phonecall_summary,sales_team.group_sale_manager,1,1,1,1

# -----------------------------------------------------
# 4. Telemarketing Call & Status ACLs (from crm_telemarketing)
# -----------------------------------------------------
access_crm_telemarketing_status,CRM Telemarketing Status,model_crm_telemarketing_status,base.group_user,1,1,1,1
access_crm_telemarketing_call,CRM Telemarketing Call,model_crm_telemarketing_call,base.group_user,1,1,1,1
access_report_telemarketing,Report Telemarketing (view),model_report_telemarketing,base.group_user,1,0,0,0
access_report_telemarketing_dashboard,Telemarketing Dashboard (transient),model_report_telemarketing_dashboard_dashboard,base.group_user,1,0,0,0

# -----------------------------------------------------
# 5. Encounter Visit ACLs (from encounter_visit)
# -----------------------------------------------------
access_encounter_encounter_visit,Encounter Visit Base,model_encounter_encounter_visit,base.group_user,1,1,1,1
access_encounter_encounter_visit_sales_user,Encounter Visit Salesman,model_encounter_encounter_visit,sales_team.group_sale_salesman,1,1,1,0
access_encounter_encounter_visit_sales_manager,Encounter Visit Manager,model_encounter_encounter_visit,sales_team.group_sale_manager,1,1,1,1
access_encounter_encounter_visit_company_manager,Encounter Visit Company Manager,model_encounter_encounter_visit,marketing_system2.group_company_manager,1,1,1,0

# -----------------------------------------------------
# 6. KPI Management Framework ACLs (from kpi_management_framework)
# -----------------------------------------------------
access_kpi_definition_user,kpi.definition.user,model_kpi_definition,base.group_user,1,1,1,1
access_kpi_target_user,kpi.target.user,model_kpi_target,base.group_user,1,1,1,1
access_kpi_history_user,kpi.history.user,model_kpi_history,base.group_user,1,1,1,1
access_kpi_target_line_user,kpi.target.line.user,model_kpi_target_line,base.group_user,1,1,1,1
access_telemarketing_confirmation_user,telemarketing.confirmation.user,model_telemarketing_confirmation,base.group_user,1,0,0,0
access_telemarketing_confirmation_telemarketer,telemarketing.confirmation.telemarketer,model_telemarketing_confirmation,marketing_system2.group_telemarketer,1,0,0,0
access_telemarketing_confirmation_manager,telemarketing.confirmation.manager,model_telemarketing_confirmation,sales_team.group_sale_manager,1,1,1,1
access_telemarketing_confirmation_admin,telemarketing.confirmation.admin,model_telemarketing_confirmation,base.group_system,1,1,1,1

# -----------------------------------------------------
# 7. Product Price Log ACLs (from product_price_log)
# -----------------------------------------------------
access_product_price_log,product.price.log,model_product_price_log,base.group_user,1,1,1,1
access_price_comparison_report,access.price.comparison.report,model_price_comparison_report,base.group_user,1,0,0,0

# -----------------------------------------------------
# 8. Competitor ACLs (from competitor)
# -----------------------------------------------------
access_competitor_competitor,competitor.competitor,model_competitor_competitor,base.group_user,1,1,1,1
access_competitor_industry,access_competitor_industry,model_competitor_industry,base.group_user,1,1,1,1
access_competitor_competitor_manager,Competitor: Company Manager,model_competitor_competitor,marketing_system2.group_company_manager,1,1,1,0
access_competitor_industry_manager,Competitor: Company Manager,model_competitor_industry,marketing_system2.group_company_manager,1,1,1,0```