<?xml version="1.0" encoding="utf-8"?>
<odoo>
  <data noupdate="1">

    <!-- ========================= -->
    <!-- TELEMARKETING CONFIRMATION RULES -->
    <!-- ========================= -->
    <!-- Regular users: See only own records (Read-Only) -->
    <record id="telemarketing_confirmation_user_rule" model="ir.rule">
        <field name="name">Telemarketing Confirmations: Own Records Only</field>
        <field name="model_id" ref="model_telemarketing_confirmation"/>
        <field name="groups" eval="[(4, ref('base.group_user'))]"/>
        <field name="domain_force">[('telemarketer_id', '=', user.id)]</field>
    </record>

    <!-- Managers: See all (Managers can edit/create/unlink via ACLs) -->
    <record id="telemarketing_confirmation_manager_rule" model="ir.rule">
        <field name="name">Telemarketing Confirmations: Manager Sees All</field>
        <field name="model_id" ref="model_telemarketing_confirmation"/>
        <field name="groups" eval="[(4, ref('sales_team.group_sale_manager'))]"/>
        <field name="domain_force">[(1, '=', 1)]</field>
    </record>

    <!-- ========================= -->
    <!-- ENCOUNTER VISIT RULES -->
    <!-- ========================= -->

    <!-- Salesperson: only their own encounters -->
    <record id="encounter_visit_rule_sales_user" model="ir.rule">
      <field name="name">Sales User: own encounters</field>
      <field name="model_id" ref="model_encounter_encounter_visit"/>
      <field name="groups" eval="[(4, ref('sales_team.group_sale_salesman'))]"/>
      <field name="domain_force">[('user_id', '=', user.id)]</field>
    </record>

    <!-- Sales Manager: encounters of their team -->
    <record id="encounter_visit_rule_sales_manager" model="ir.rule">
      <field name="name">Sales Manager: team encounters</field>
      <field name="model_id" ref="model_encounter_encounter_visit"/>
      <field name="groups" eval="[(4, ref('sales_team.group_sale_manager'))]"/>
      <field name="domain_force">['|', ('user_id', '=', user.id), ('team_id.user_id', '=', user.id)]</field>
    </record>

    <!-- Company Manager: see encounters by company_ids (FIXED REF) -->
    <record id="encounter_visit_rule_company_manager" model="ir.rule">
      <field name="name">Company Manager: encounters by company</field>
      <field name="model_id" ref="model_encounter_encounter_visit"/>
      <!-- CORRECTED REFERENCE -->
      <field name="groups" eval="[(4, ref('marketing_system2.group_company_manager'))]"/>
      <field name="domain_force">['|', ('company_ids', 'in', user.company_ids.ids), ('company_ids', '=', False)]</field>
    </record>

    <!-- ========================= -->
    <!-- CRM LEAD GEOLOCATION RULES (from crm_lead_geolocation) -->
    <!-- ========================= -->

    <!-- Salesperson: only their own leads -->
    <record id="crm_lead_rule_sales_user" model="ir.rule">
      <field name="name">Sales User: own leads</field>
      <field name="model_id" ref="crm.model_crm_lead"/>
      <field name="groups" eval="[(4, ref('sales_team.group_sale_salesman'))]"/>
      <field name="domain_force">[('user_id', '=', user.id)]</field>
    </record>

    <!-- Sales Manager: leads of their team -->
    <record id="crm_lead_rule_sales_manager" model="ir.rule">
      <field name="name">Sales Manager: team leads</field>
      <field name="model_id" ref="crm.model_crm_lead"/>
      <field name="groups" eval="[(4, ref('sales_team.group_sale_manager'))]"/>
      <field name="domain_force">['|', ('user_id', '=', user.id), ('team_id.user_id', '=', user.id)]</field>
    </record>

    <!-- Company Manager: see leads by company_ids (FIXED REF) -->
    <record id="crm_lead_rule_company_manager" model="ir.rule">
      <field name="name">Company Manager: leads by company</field>
      <field name="model_id" ref="crm.model_crm_lead"/>
      <!-- CORRECTED REFERENCE -->
      <field name="groups" eval="[(4, ref('marketing_system2.group_company_manager'))]"/>
      <field name="domain_force"> ['|',
            ('company_ids', 'in', user.company_ids.ids),
            ('company_ids', '=', False)
        ]</field>
    </record>

    <!-- ========================= -->
    <!-- COMPETITOR RULES (from competitor) -->
    <!-- ========================= -->

    <record id="competitor_rule_company_manager" model="ir.rule">
        <field name="name">Company Manager: Competitor by company</field>
        <field name="model_id" ref="model_competitor_competitor"/>
        <!-- CORRECTED REFERENCE -->
        <field name="groups" eval="[(4, ref('marketing_system2.group_company_manager'))]"/>
        <field name="domain_force">
            ['|',
                ('company_ids', 'in', user.company_ids.ids),
                ('company_ids', '=', False)
            ]
        </field>
    </record>

  </data>
</odoo>